filename,label
audio_804.wav,2.0302694
audio_1028.wav,3.8544245
audio_865.wav,3.111964
audio_774.wav,3.5504587
audio_1138.wav,3.390182
audio_278.wav,3.8081334
audio_1212.wav,4.120803
audio_178.wav,3.655967
audio_542.wav,4.763155
audio_248.wav,4.622974
audio_872.wav,3.3490796
audio_954.wav,2.3453846
audio_853.wav,3.8437726
audio_171.wav,4.3890595
audio_922.wav,3.255387
audio_915.wav,2.877997
audio_1220.wav,4.316693
audio_1225.wav,4.2932034
audio_903.wav,3.2868981
audio_748.wav,3.3060591
audio_284.wav,4.167754
audio_200.wav,4.3373494
audio_1255.wav,4.3396907
audio_1246.wav,3.1793423
audio_1102.wav,3.1747527
audio_1300.wav,3.5636737
audio_80.wav,4.307567
audio_1041.wav,3.6983454
audio_256.wav,4.249664
audio_328.wav,3.384486
audio_301.wav,3.280495
audio_938.wav,3.1311843
audio_1055.wav,3.6627147
audio_664.wav,2.4427419
audio_89.wav,3.7617152
audio_407.wav,2.3701153
audio_1025.wav,5.0
audio_72.wav,2.9270191
audio_1316.wav,3.3363307
audio_661.wav,3.9020383
audio_822.wav,4.249664
audio_956.wav,3.9308524
audio_1329.wav,3.680001
audio_1218.wav,3.3507876
audio_1286.wav,3.3900034
audio_1166.wav,2.691532
audio_1231.wav,4.329514
audio_501.wav,4.073712
audio_188.wav,4.24182
audio_746.wav,3.720583
audio_218.wav,4.8223305
audio_168.wav,3.5639641
audio_689.wav,4.5721383
audio_234.wav,3.889561
audio_670.wav,3.7563035
audio_241.wav,4.227057
audio_1226.wav,4.5573707
audio_47.wav,3.356931
audio_220.wav,2.5297472
audio_548.wav,4.3706
audio_674.wav,4.3459897
audio_450.wav,3.9011278
audio_1326.wav,3.6840932
audio_128.wav,3.4056134
audio_430.wav,4.4509797
audio_376.wav,4.480738
audio_502.wav,4.486716
audio_67.wav,4.478103
audio_1134.wav,4.5604844
audio_33.wav,2.5970302
audio_817.wav,4.4036155
audio_780.wav,4.8014297
audio_309.wav,4.699123
audio_1039.wav,3.439495
audio_765.wav,3.99632
audio_353.wav,3.202699
audio_940.wav,2.7654872
audio_1258.wav,4.755529
audio_1170.wav,4.289396
audio_1011.wav,5.0
audio_769.wav,4.5500765
audio_324.wav,3.8824737
audio_599.wav,2.2081802
audio_828.wav,4.296891
audio_1294.wav,3.414733
audio_585.wav,4.105874
audio_904.wav,3.1233835
audio_1291.wav,3.1212146
audio_902.wav,2.8365386
audio_529.wav,3.1219118
audio_1006.wav,3.490726
audio_827.wav,2.7113483
audio_909.wav,4.7735376
audio_947.wav,3.9260437
audio_952.wav,4.6980586
audio_647.wav,2.772135
audio_841.wav,2.424387
audio_261.wav,4.5568013
audio_14.wav,3.976196
audio_681.wav,4.249664
audio_818.wav,3.81347
audio_1046.wav,3.9571314
audio_976.wav,2.5578291
audio_714.wav,4.25844
audio_1207.wav,3.9290173
audio_1217.wav,3.3290434
audio_27.wav,4.3204403
audio_1131.wav,3.842112
audio_682.wav,4.0096416
audio_1059.wav,4.194535
audio_846.wav,3.0497346
audio_988.wav,3.0612335
audio_34.wav,2.4188273
audio_1186.wav,3.3939073
audio_1142.wav,3.4589407
audio_257.wav,4.249664
audio_1092.wav,3.07626
audio_117.wav,4.180718
audio_744.wav,3.8331945
audio_449.wav,3.929098
audio_1270.wav,3.5435286
audio_935.wav,2.623097
audio_858.wav,2.9176955
audio_686.wav,3.232557
audio_929.wav,4.4796834
audio_41.wav,2.9084795
audio_483.wav,3.5998416
audio_530.wav,3.8926842
audio_1158.wav,4.919042
audio_130.wav,4.0333204
audio_962.wav,4.195462
audio_505.wav,3.7928958
audio_966.wav,4.364345
audio_989.wav,3.667128
audio_464.wav,3.8927927
audio_1165.wav,4.838212
audio_1200.wav,4.5614157
audio_554.wav,2.7011378
audio_481.wav,3.9222753
audio_245.wav,5.0
audio_453.wav,4.5309253
audio_1099.wav,3.1578937
audio_327.wav,4.847604
audio_854.wav,3.6537871
audio_13.wav,3.3222024
audio_358.wav,3.9355304
audio_1104.wav,5.0
audio_236.wav,5.0
audio_373.wav,2.6239507
audio_701.wav,2.4530945
audio_612.wav,3.857369
audio_161.wav,3.5167627
audio_472.wav,4.0445147
audio_967.wav,4.4228597
audio_267.wav,2.314536
audio_709.wav,4.0961
audio_534.wav,4.3274245
audio_298.wav,2.521333
audio_995.wav,3.1780481
audio_24.wav,4.1574917
audio_1163.wav,3.0265062
audio_855.wav,4.676253
audio_652.wav,3.4075887
audio_1069.wav,4.3427753
audio_415.wav,4.249664
audio_1090.wav,3.5959542
audio_766.wav,3.9418216
audio_568.wav,4.7448006
audio_885.wav,3.7146187
audio_108.wav,3.6253176
audio_1179.wav,3.1156852
audio_377.wav,4.0776577
audio_390.wav,4.778864
audio_692.wav,4.312749
audio_508.wav,3.901908
audio_357.wav,4.4254384
audio_273.wav,4.348921
audio_1180.wav,3.8497112
audio_668.wav,4.9546046
audio_1187.wav,4.7772946
audio_452.wav,4.168009
audio_335.wav,3.9681704
audio_268.wav,4.992606
audio_330.wav,3.3793647
audio_637.wav,3.8740983
audio_339.wav,4.249664
audio_1088.wav,4.5076756
audio_397.wav,4.401644
audio_1136.wav,4.4764104
audio_153.wav,4.94244
audio_99.wav,4.613342
audio_249.wav,4.615357
audio_590.wav,3.5704288
audio_57.wav,4.249664
audio_749.wav,4.249664
audio_978.wav,4.9060764
audio_981.wav,3.426329
audio_563.wav,3.269559
audio_531.wav,4.5877233
audio_787.wav,4.3213606
audio_1079.wav,4.9299784
audio_550.wav,3.5282886
audio_641.wav,4.039454
audio_1001.wav,3.4643688
