error_count,error_rate,num_words,num_unique_words,avg_word_length,num_sentences,avg_sentence_length
2.0,2.0,7.0,7.0,4.571428571428571,1.0,7.0
4.0,1.3333333333333333,31.0,26.0,5.161290322580645,3.0,10.333333333333334
5.0,1.6666666666666667,49.0,29.0,4.775510204081633,3.0,16.333333333333332
4.0,1.0,43.0,38.0,4.255813953488372,4.0,10.75
15.0,1.3636363636363635,118.0,75.0,4.067796610169491,11.0,10.727272727272727
11.0,1.2222222222222223,113.0,74.0,4.336283185840708,9.0,12.555555555555555
20.0,2.2222222222222223,111.0,64.0,3.8828828828828827,9.0,12.333333333333334
5.0,1.6666666666666667,30.0,24.0,4.333333333333333,3.0,10.0
26.0,1.5294117647058822,134.0,75.0,3.7388059701492535,17.0,7.882352941176471
1.0,1.0,7.0,7.0,4.571428571428571,1.0,7.0
11.0,1.8333333333333333,55.0,47.0,5.381818181818182,6.0,9.166666666666666
23.0,1.6428571428571428,118.0,67.0,4.067796610169491,14.0,8.428571428571429
8.0,1.1428571428571428,78.0,43.0,4.128205128205129,7.0,11.142857142857142
4.0,1.3333333333333333,25.0,22.0,4.52,3.0,8.333333333333334
16.0,1.0,117.0,67.0,4.162393162393163,16.0,7.3125
2.0,1.0,32.0,28.0,3.96875,2.0,16.0
19.0,6.333333333333333,136.0,69.0,4.073529411764706,3.0,45.333333333333336
11.0,2.75,86.0,42.0,3.8488372093023258,4.0,21.5
11.0,1.8333333333333333,115.0,58.0,4.939130434782609,6.0,19.166666666666668
15.0,1.5,125.0,75.0,3.816,10.0,12.5
13.0,13.0,25.0,1.0,1.0,1.0,25.0
41.0,41.0,48.0,45.0,5.958333333333333,1.0,48.0
20.0,1.3333333333333333,155.0,66.0,3.7225806451612904,15.0,10.333333333333334
1.0,1.0,4.0,1.0,2.0,1.0,4.0
10.0,1.4285714285714286,92.0,60.0,4.543478260869565,7.0,13.142857142857142
16.0,2.0,130.0,68.0,3.8923076923076922,8.0,16.25
9.0,2.25,67.0,40.0,4.537313432835821,4.0,16.75
13.0,1.625,129.0,55.0,4.046511627906977,8.0,16.125
6.0,6.0,83.0,50.0,3.927710843373494,1.0,83.0
11.0,11.0,144.0,73.0,3.9166666666666665,1.0,144.0
7.0,1.75,118.0,65.0,4.177966101694915,4.0,29.5
7.0,0.875,82.0,44.0,4.621951219512195,8.0,10.25
4.0,1.0,58.0,51.0,5.172413793103448,4.0,14.5
17.0,1.4166666666666667,142.0,78.0,3.9577464788732395,12.0,11.833333333333334
8.0,1.1428571428571428,111.0,58.0,3.90990990990991,7.0,15.857142857142858
15.0,1.6666666666666667,119.0,69.0,3.80672268907563,9.0,13.222222222222221
12.0,1.3333333333333333,82.0,60.0,3.902439024390244,9.0,9.11111111111111
8.0,1.3333333333333333,119.0,56.0,3.907563025210084,6.0,19.833333333333332
9.0,2.25,78.0,46.0,4.461538461538462,4.0,19.5
7.0,1.1666666666666667,75.0,51.0,4.12,6.0,12.5
9.0,1.2857142857142858,83.0,55.0,3.819277108433735,7.0,11.857142857142858
8.0,2.0,88.0,47.0,4.079545454545454,4.0,22.0
13.0,1.4444444444444444,97.0,62.0,3.979381443298969,9.0,10.777777777777779
15.0,1.25,94.0,55.0,3.882978723404255,12.0,7.833333333333333
8.0,1.0,117.0,65.0,4.6923076923076925,8.0,14.625
14.0,2.8,105.0,53.0,3.895238095238095,5.0,21.0
12.0,1.5,55.0,38.0,4.909090909090909,8.0,6.875
6.0,1.0,91.0,60.0,4.131868131868132,6.0,15.166666666666666
4.0,1.3333333333333333,40.0,30.0,4.275,3.0,13.333333333333334
13.0,1.8571428571428572,113.0,62.0,4.247787610619469,7.0,16.142857142857142
13.0,2.1666666666666665,95.0,44.0,3.442105263157895,6.0,15.833333333333334
13.0,1.1818181818181819,110.0,75.0,4.136363636363637,11.0,10.0
12.0,3.0,77.0,58.0,4.337662337662338,4.0,19.25
17.0,1.0,127.0,75.0,4.039370078740157,17.0,7.470588235294118
17.0,1.8888888888888888,125.0,77.0,4.336,9.0,13.88888888888889
13.0,13.0,17.0,17.0,4.764705882352941,1.0,17.0
5.0,0.8333333333333334,56.0,45.0,3.892857142857143,6.0,9.333333333333334
11.0,1.8333333333333333,99.0,43.0,3.8686868686868685,6.0,16.5
8.0,1.1428571428571428,120.0,79.0,4.125,7.0,17.142857142857142
17.0,2.125,124.0,59.0,3.870967741935484,8.0,15.5
8.0,1.1428571428571428,50.0,33.0,4.12,7.0,7.142857142857143
3.0,0.42857142857142855,16.0,15.0,7.5,7.0,2.2857142857142856
17.0,5.666666666666667,118.0,68.0,3.8813559322033897,3.0,39.333333333333336
15.0,1.0714285714285714,112.0,63.0,3.982142857142857,14.0,8.0
9.0,1.5,79.0,52.0,4.417721518987341,6.0,13.166666666666666
2.0,1.0,27.0,22.0,4.555555555555555,2.0,13.5
6.0,6.0,22.0,19.0,6.136363636363637,1.0,22.0
12.0,1.0909090909090908,120.0,68.0,3.975,11.0,10.909090909090908
8.0,1.1428571428571428,64.0,33.0,4.0,7.0,9.142857142857142
15.0,1.6666666666666667,155.0,82.0,4.032258064516129,9.0,17.22222222222222
8.0,0.8888888888888888,99.0,60.0,4.565656565656566,9.0,11.0
19.0,9.5,88.0,77.0,4.056818181818182,2.0,44.0
7.0,1.0,71.0,55.0,4.577464788732394,7.0,10.142857142857142
21.0,1.9090909090909092,132.0,77.0,3.9015151515151514,11.0,12.0
18.0,2.25,96.0,65.0,4.21875,8.0,12.0
15.0,1.875,116.0,68.0,4.077586206896552,8.0,14.5
14.0,14.0,145.0,67.0,3.6206896551724137,1.0,145.0
14.0,1.5555555555555556,96.0,58.0,4.427083333333333,9.0,10.666666666666666
13.0,1.4444444444444444,101.0,57.0,4.475247524752476,9.0,11.222222222222221
11.0,1.375,118.0,81.0,4.983050847457627,8.0,14.75
17.0,1.8888888888888888,88.0,53.0,4.125,9.0,9.777777777777779
9.0,2.25,97.0,59.0,4.628865979381444,4.0,24.25
14.0,1.1666666666666667,154.0,77.0,4.233766233766234,12.0,12.833333333333334
0.0,0.0,0.0,0.0,0.0,0.0,0.0
18.0,1.2857142857142858,125.0,72.0,3.8,14.0,8.928571428571429
9.0,1.125,75.0,43.0,4.08,8.0,9.375
9.0,1.5,123.0,65.0,4.382113821138211,6.0,20.5
1.0,0.5,7.0,7.0,4.285714285714286,2.0,3.5
9.0,2.25,65.0,51.0,4.676923076923077,4.0,16.25
11.0,1.375,87.0,57.0,4.839080459770115,8.0,10.875
20.0,5.0,75.0,59.0,4.253333333333333,4.0,18.75
4.0,1.0,65.0,48.0,4.446153846153846,4.0,16.25
7.0,1.0,78.0,49.0,4.243589743589744,7.0,11.142857142857142
15.0,1.25,106.0,58.0,4.09433962264151,12.0,8.833333333333334
4.0,1.0,124.0,87.0,4.951612903225806,4.0,31.0
4.0,0.8,91.0,76.0,5.681318681318682,5.0,18.2
10.0,1.0,112.0,70.0,3.955357142857143,10.0,11.2
7.0,1.0,70.0,58.0,5.042857142857143,7.0,10.0
9.0,1.125,90.0,63.0,4.544444444444444,8.0,11.25
4.0,1.0,27.0,22.0,5.074074074074074,4.0,6.75
6.0,6.0,112.0,55.0,4.258928571428571,1.0,112.0
20.0,1.3333333333333333,122.0,70.0,3.901639344262295,15.0,8.133333333333333
7.0,1.75,62.0,50.0,4.145161290322581,4.0,15.5
16.0,3.2,136.0,85.0,4.0661764705882355,5.0,27.2
9.0,3.0,152.0,88.0,4.559210526315789,3.0,50.666666666666664
10.0,1.6666666666666667,91.0,49.0,4.769230769230769,6.0,15.166666666666666
20.0,2.857142857142857,129.0,63.0,3.558139534883721,7.0,18.428571428571427
15.0,1.25,152.0,88.0,4.2631578947368425,12.0,12.666666666666666
14.0,1.4,91.0,56.0,3.857142857142857,10.0,9.1
8.0,1.3333333333333333,50.0,36.0,3.82,6.0,8.333333333333334
11.0,2.75,137.0,84.0,4.671532846715328,4.0,34.25
14.0,1.0769230769230769,104.0,58.0,4.096153846153846,13.0,8.0
8.0,1.6,125.0,72.0,4.024,5.0,25.0
13.0,1.4444444444444444,85.0,48.0,4.035294117647059,9.0,9.444444444444445
18.0,2.5714285714285716,104.0,67.0,4.019230769230769,7.0,14.857142857142858
8.0,2.0,102.0,73.0,4.823529411764706,4.0,25.5
1.0,0.5,1.0,1.0,1.0,2.0,0.5
6.0,1.5,73.0,47.0,4.191780821917808,4.0,18.25
15.0,1.5,132.0,82.0,4.136363636363637,10.0,13.2
6.0,1.2,55.0,42.0,3.9454545454545453,5.0,11.0
8.0,1.6,90.0,63.0,4.677777777777778,5.0,18.0
18.0,2.0,123.0,64.0,3.7642276422764227,9.0,13.666666666666666
11.0,1.5714285714285714,93.0,52.0,3.5698924731182795,7.0,13.285714285714286
1.0,1.0,8.0,1.0,3.0,1.0,8.0
16.0,1.6,122.0,72.0,4.065573770491803,10.0,12.2
17.0,3.4,110.0,67.0,4.672727272727273,5.0,22.0
0.0,0.0,0.0,0.0,0.0,0.0,0.0
9.0,1.2857142857142858,107.0,68.0,4.4672897196261685,7.0,15.285714285714286
14.0,1.4,136.0,74.0,4.382352941176471,10.0,13.6
9.0,1.5,126.0,67.0,4.246031746031746,6.0,21.0
13.0,1.4444444444444444,125.0,65.0,4.048,9.0,13.88888888888889
11.0,1.375,126.0,73.0,5.349206349206349,8.0,15.75
11.0,1.0,104.0,71.0,4.4326923076923075,11.0,9.454545454545455
9.0,9.0,144.0,69.0,4.013888888888889,1.0,144.0
20.0,1.3333333333333333,124.0,77.0,4.314516129032258,15.0,8.266666666666667
19.0,1.3571428571428572,113.0,83.0,4.1946902654867255,14.0,8.071428571428571
14.0,2.8,144.0,81.0,3.8472222222222223,5.0,28.8
14.0,1.75,78.0,49.0,3.7051282051282053,8.0,9.75
6.0,1.2,116.0,64.0,3.9224137931034484,5.0,23.2
4.0,1.0,40.0,30.0,3.75,4.0,10.0
18.0,1.6363636363636365,150.0,74.0,4.26,11.0,13.636363636363637
5.0,5.0,17.0,15.0,4.588235294117647,1.0,17.0
8.0,1.1428571428571428,143.0,78.0,4.398601398601398,7.0,20.428571428571427
27.0,2.076923076923077,58.0,50.0,4.793103448275862,13.0,4.461538461538462
11.0,1.5714285714285714,133.0,89.0,4.556390977443609,7.0,19.0
0.0,0.0,0.0,0.0,0.0,0.0,0.0
19.0,1.3571428571428572,139.0,93.0,4.359712230215828,14.0,9.928571428571429
22.0,2.0,112.0,65.0,4.678571428571429,11.0,10.181818181818182
1.0,1.0,72.0,6.0,3.7222222222222223,1.0,72.0
0.0,0.0,1.0,1.0,4.0,1.0,1.0
13.0,4.333333333333333,107.0,68.0,4.093457943925234,3.0,35.666666666666664
8.0,1.1428571428571428,106.0,68.0,4.320754716981132,7.0,15.142857142857142
0.0,0.0,2.0,2.0,4.0,5.0,0.4
17.0,1.7,99.0,63.0,4.434343434343434,10.0,9.9
17.0,8.5,130.0,57.0,3.8923076923076922,2.0,65.0
12.0,1.5,106.0,65.0,4.056603773584905,8.0,13.25
16.0,1.4545454545454546,123.0,68.0,3.6991869918699187,11.0,11.181818181818182
17.0,1.4166666666666667,87.0,67.0,4.7701149425287355,12.0,7.25
9.0,1.5,101.0,72.0,4.653465346534653,6.0,16.833333333333332
9.0,1.2857142857142858,113.0,73.0,5.274336283185841,7.0,16.142857142857142
8.0,1.1428571428571428,118.0,87.0,5.033898305084746,7.0,16.857142857142858
0.0,0.0,0.0,0.0,0.0,0.0,0.0
24.0,1.3333333333333333,141.0,83.0,4.404255319148936,18.0,7.833333333333333
13.0,1.8571428571428572,123.0,77.0,4.666666666666667,7.0,17.571428571428573
2.0,2.0,2.0,2.0,4.5,1.0,2.0
0.0,0.0,0.0,0.0,0.0,0.0,0.0
24.0,4.8,130.0,69.0,3.8153846153846156,5.0,26.0
7.0,1.1666666666666667,92.0,56.0,4.130434782608695,6.0,15.333333333333334
11.0,1.5714285714285714,97.0,60.0,4.072164948453608,7.0,13.857142857142858
16.0,1.4545454545454546,118.0,91.0,4.627118644067797,11.0,10.727272727272727
14.0,3.5,111.0,78.0,4.36036036036036,4.0,27.75
14.0,1.5555555555555556,77.0,55.0,4.038961038961039,9.0,8.555555555555555
11.0,1.5714285714285714,94.0,62.0,4.170212765957447,7.0,13.428571428571429
15.0,1.3636363636363635,124.0,88.0,4.766129032258065,11.0,11.272727272727273
14.0,1.5555555555555556,129.0,85.0,4.341085271317829,9.0,14.333333333333334
17.0,1.0,133.0,88.0,4.082706766917293,17.0,7.823529411764706
0.0,0.0,0.0,0.0,0.0,0.0,0.0
9.0,1.125,92.0,58.0,4.858695652173913,8.0,11.5
9.0,1.8,88.0,50.0,3.8636363636363638,5.0,17.6
9.0,1.5,110.0,70.0,4.4818181818181815,6.0,18.333333333333332
7.0,1.1666666666666667,116.0,71.0,4.120689655172414,6.0,19.333333333333332
15.0,3.75,143.0,88.0,4.146853146853147,4.0,35.75
18.0,2.0,133.0,90.0,4.804511278195489,9.0,14.777777777777779
9.0,1.0,100.0,66.0,4.26,9.0,11.11111111111111
2.0,2.0,4.0,3.0,4.0,1.0,4.0
9.0,1.0,91.0,71.0,5.472527472527473,9.0,10.11111111111111
10.0,1.6666666666666667,131.0,91.0,4.564885496183206,6.0,21.833333333333332
10.0,1.6666666666666667,114.0,66.0,4.131578947368421,6.0,19.0
11.0,1.1,114.0,82.0,4.359649122807017,10.0,11.4
13.0,1.625,110.0,80.0,5.109090909090909,8.0,13.75
22.0,2.4444444444444446,150.0,90.0,3.986666666666667,9.0,16.666666666666668
6.0,1.2,100.0,57.0,4.24,5.0,20.0
12.0,1.3333333333333333,126.0,82.0,4.650793650793651,9.0,14.0
4.0,1.0,46.0,40.0,4.760869565217392,4.0,11.5
13.0,3.25,38.0,38.0,5.7894736842105265,4.0,9.5
20.0,2.5,124.0,61.0,3.943548387096774,8.0,15.5
0.0,0.0,0.0,0.0,0.0,0.0,0.0
3.0,0.75,60.0,43.0,4.283333333333333,4.0,15.0
20.0,1.3333333333333333,121.0,85.0,4.785123966942149,15.0,8.066666666666666
12.0,0.9230769230769231,94.0,41.0,3.6382978723404253,13.0,7.230769230769231
19.0,1.9,119.0,73.0,4.5966386554621845,10.0,11.9
6.0,1.2,65.0,50.0,4.492307692307692,5.0,13.0
12.0,1.7142857142857142,69.0,55.0,4.739130434782608,7.0,9.857142857142858
10.0,1.6666666666666667,72.0,53.0,4.236111111111111,6.0,12.0
10.0,1.0,92.0,58.0,4.804347826086956,10.0,9.2
12.0,1.3333333333333333,145.0,104.0,5.620689655172414,9.0,16.11111111111111
5.0,0.8333333333333334,75.0,56.0,6.453333333333333,6.0,12.5
0.0,0.0,0.0,0.0,0.0,0.0,0.0
12.0,2.4,93.0,61.0,4.236559139784946,5.0,18.6
0.0,0.0,0.0,0.0,0.0,0.0,0.0
10.0,1.25,141.0,98.0,4.822695035460993,8.0,17.625
0.0,0.0,0.0,0.0,0.0,0.0,0.0
11.0,1.375,103.0,79.0,4.805825242718447,8.0,12.875
11.0,1.2222222222222223,116.0,72.0,4.137931034482759,9.0,12.88888888888889
8.0,1.3333333333333333,110.0,82.0,4.745454545454545,6.0,18.333333333333332
22.0,2.2,176.0,73.0,3.8636363636363638,10.0,17.6
16.0,1.3333333333333333,130.0,94.0,4.630769230769231,12.0,10.833333333333334
13.0,1.3,108.0,76.0,4.37037037037037,10.0,10.8
9.0,1.2857142857142858,91.0,59.0,4.175824175824176,7.0,13.0
7.0,1.1666666666666667,81.0,58.0,4.839506172839506,6.0,13.5
0.0,0.0,6.0,4.0,3.0,7.0,0.8571428571428571
15.0,1.25,112.0,72.0,4.178571428571429,12.0,9.333333333333334
14.0,1.75,136.0,70.0,3.985294117647059,8.0,17.0
22.0,1.8333333333333333,151.0,92.0,4.039735099337748,12.0,12.583333333333334
17.0,1.4166666666666667,148.0,86.0,4.574324324324325,12.0,12.333333333333334
2.0,2.0,120.0,80.0,4.366666666666666,1.0,120.0
8.0,0.6153846153846154,16.0,15.0,5.9375,13.0,1.2307692307692308
7.0,1.4,74.0,55.0,5.297297297297297,5.0,14.8
12.0,1.5,90.0,57.0,4.488888888888889,8.0,11.25
9.0,1.5,124.0,85.0,4.120967741935484,6.0,20.666666666666668
15.0,1.25,86.0,55.0,3.9069767441860463,12.0,7.166666666666667
15.0,1.5,118.0,89.0,4.796610169491525,10.0,11.8
18.0,1.2,133.0,92.0,4.30827067669173,15.0,8.866666666666667
7.0,1.4,123.0,72.0,4.2682926829268295,5.0,24.6
3.0,0.75,57.0,45.0,4.719298245614035,4.0,14.25
19.0,1.9,140.0,84.0,4.064285714285714,10.0,14.0
11.0,1.0,34.0,24.0,3.588235294117647,11.0,3.090909090909091
3.0,0.75,57.0,37.0,4.350877192982456,4.0,14.25
15.0,1.1538461538461537,174.0,107.0,4.597701149425287,13.0,13.384615384615385
4.0,0.8,15.0,4.0,3.8,5.0,3.0
19.0,1.1875,143.0,73.0,4.090909090909091,16.0,8.9375
19.0,1.0555555555555556,125.0,88.0,4.368,18.0,6.944444444444445
3.0,3.0,23.0,15.0,6.130434782608695,1.0,23.0
10.0,2.0,161.0,95.0,4.105590062111801,5.0,32.2
0.0,0.0,0.0,0.0,0.0,0.0,0.0
0.0,0.0,0.0,0.0,0.0,0.0,0.0
7.0,1.75,101.0,75.0,5.376237623762377,4.0,25.25
9.0,1.0,145.0,82.0,4.455172413793103,9.0,16.11111111111111
10.0,1.25,105.0,62.0,4.695238095238095,8.0,13.125
9.0,1.2857142857142858,116.0,82.0,5.008620689655173,7.0,16.571428571428573
8.0,1.1428571428571428,105.0,75.0,5.304761904761905,7.0,15.0
2.0,2.0,5.0,5.0,46.8,1.0,5.0
17.0,1.2142857142857142,99.0,72.0,5.151515151515151,14.0,7.071428571428571
12.0,1.2,135.0,90.0,4.377777777777778,10.0,13.5
11.0,1.0,150.0,90.0,4.413333333333333,11.0,13.636363636363637
19.0,1.5833333333333333,151.0,95.0,4.357615894039735,12.0,12.583333333333334
9.0,1.125,83.0,56.0,4.819277108433735,8.0,10.375
9.0,1.0,116.0,74.0,4.5,9.0,12.88888888888889
10.0,1.4285714285714286,102.0,69.0,4.117647058823529,7.0,14.571428571428571
5.0,0.8333333333333334,40.0,8.0,3.375,6.0,6.666666666666667
9.0,2.25,61.0,40.0,4.032786885245901,4.0,15.25
21.0,0.9545454545454546,189.0,9.0,3.4444444444444446,22.0,8.590909090909092
20.0,1.6666666666666667,139.0,85.0,4.309352517985611,12.0,11.583333333333334
9.0,0.8181818181818182,73.0,48.0,4.054794520547945,11.0,6.636363636363637
12.0,1.3333333333333333,110.0,79.0,4.472727272727273,9.0,12.222222222222221
6.0,0.8571428571428571,94.0,69.0,4.904255319148936,7.0,13.428571428571429
11.0,1.375,117.0,85.0,4.948717948717949,8.0,14.625
20.0,2.0,131.0,87.0,4.595419847328245,10.0,13.1
11.0,1.5714285714285714,84.0,55.0,3.9523809523809526,7.0,12.0
39.0,39.0,39.0,1.0,4.0,1.0,39.0
0.0,0.0,0.0,0.0,0.0,0.0,0.0
19.0,2.7142857142857144,127.0,88.0,4.307086614173229,7.0,18.142857142857142
8.0,8.0,102.0,76.0,5.03921568627451,1.0,102.0
12.0,1.5,103.0,73.0,4.485436893203883,8.0,12.875
7.0,1.4,101.0,75.0,4.900990099009901,5.0,20.2
18.0,1.6363636363636365,145.0,93.0,4.020689655172414,11.0,13.181818181818182
11.0,1.375,118.0,84.0,4.805084745762712,8.0,14.75
8.0,1.1428571428571428,66.0,44.0,4.606060606060606,7.0,9.428571428571429
10.0,1.1111111111111112,144.0,94.0,4.5,9.0,16.0
4.0,4.0,6.0,4.0,5.5,1.0,6.0
8.0,1.6,64.0,50.0,4.640625,5.0,12.8
19.0,0.95,114.0,6.0,3.3333333333333335,20.0,5.7
17.0,1.7,53.0,23.0,3.4716981132075473,10.0,5.3
13.0,1.625,125.0,80.0,4.552,8.0,15.625
5.0,1.0,106.0,78.0,4.726415094339623,5.0,21.2
12.0,1.3333333333333333,167.0,100.0,4.401197604790419,9.0,18.555555555555557
17.0,17.0,63.0,11.0,3.1904761904761907,1.0,63.0
8.0,1.3333333333333333,82.0,58.0,4.5,6.0,13.666666666666666
9.0,1.0,108.0,79.0,4.814814814814815,9.0,12.0
17.0,2.4285714285714284,128.0,78.0,3.796875,7.0,18.285714285714285
27.0,1.9285714285714286,140.0,75.0,3.9285714285714284,14.0,10.0
16.0,1.3333333333333333,120.0,74.0,4.3,12.0,10.0
7.0,1.4,106.0,78.0,4.60377358490566,5.0,21.2
17.0,1.5454545454545454,161.0,103.0,4.6894409937888195,11.0,14.636363636363637
17.0,2.8333333333333335,147.0,89.0,3.8435374149659864,6.0,24.5
9.0,1.0,155.0,114.0,5.348387096774194,9.0,17.22222222222222
6.0,0.8571428571428571,74.0,54.0,5.3108108108108105,7.0,10.571428571428571
21.0,1.0,161.0,100.0,4.236024844720497,21.0,7.666666666666667
20.0,2.857142857142857,140.0,87.0,3.892857142857143,7.0,20.0
1.0,1.0,10.0,10.0,6.1,1.0,10.0
3.0,3.0,18.0,17.0,4.0,1.0,18.0
8.0,1.3333333333333333,129.0,88.0,5.023255813953488,6.0,21.5
14.0,2.3333333333333335,121.0,79.0,4.404958677685951,6.0,20.166666666666668
21.0,1.9090909090909092,103.0,62.0,3.9223300970873787,11.0,9.363636363636363
6.0,0.75,116.0,79.0,5.008620689655173,8.0,14.5
12.0,2.0,145.0,81.0,4.296551724137931,6.0,24.166666666666668
3.0,1.5,9.0,7.0,5.555555555555555,2.0,4.5
17.0,2.125,111.0,75.0,4.252252252252252,8.0,13.875
11.0,1.8333333333333333,122.0,82.0,3.8852459016393444,6.0,20.333333333333332
15.0,1.6666666666666667,72.0,53.0,4.847222222222222,9.0,8.0
36.0,1.894736842105263,72.0,4.0,3.0,19.0,3.789473684210526
9.0,1.5,124.0,76.0,4.604838709677419,6.0,20.666666666666668
2.0,2.0,127.0,8.0,3.2992125984251968,1.0,127.0
4.0,1.0,75.0,60.0,4.973333333333334,4.0,18.75
1.0,1.0,3.0,2.0,5.333333333333333,1.0,3.0
13.0,1.625,145.0,95.0,5.041379310344827,8.0,18.125
12.0,1.0909090909090908,116.0,75.0,4.827586206896552,11.0,10.545454545454545
8.0,1.3333333333333333,100.0,64.0,4.65,6.0,16.666666666666668
0.0,0.0,0.0,0.0,0.0,0.0,0.0
14.0,14.0,23.0,10.0,3.0,1.0,23.0
7.0,7.0,39.0,9.0,2.8461538461538463,1.0,39.0
12.0,1.7142857142857142,80.0,60.0,4.3375,7.0,11.428571428571429
19.0,1.7272727272727273,194.0,100.0,3.9948453608247423,11.0,17.636363636363637
20.0,2.2222222222222223,154.0,92.0,4.012987012987013,9.0,17.11111111111111
17.0,17.0,145.0,87.0,3.8,1.0,145.0
22.0,0.9565217391304348,66.0,3.0,4.333333333333333,23.0,2.869565217391304
12.0,0.8,33.0,9.0,3.303030303030303,15.0,2.2
14.0,1.0769230769230769,26.0,14.0,5.615384615384615,13.0,2.0
1.0,1.0,1.0,1.0,4.0,1.0,1.0
10.0,2.0,143.0,88.0,4.2727272727272725,5.0,28.6
17.0,2.4285714285714284,47.0,40.0,4.531914893617022,7.0,6.714285714285714
6.0,1.5,110.0,66.0,4.463636363636364,4.0,27.5
20.0,1.1764705882352942,97.0,23.0,3.536082474226804,17.0,5.705882352941177
20.0,6.666666666666667,29.0,7.0,3.3448275862068964,3.0,9.666666666666666
10.0,10.0,38.0,7.0,4.7105263157894735,1.0,38.0
8.0,1.3333333333333333,83.0,56.0,4.554216867469879,6.0,13.833333333333334
1.0,1.0,31.0,10.0,3.3548387096774195,1.0,31.0
11.0,1.0,145.0,91.0,4.4206896551724135,11.0,13.181818181818182
11.0,2.2,62.0,37.0,3.5806451612903225,5.0,12.4
22.0,2.0,156.0,93.0,3.9871794871794872,11.0,14.181818181818182
11.0,2.2,106.0,68.0,4.037735849056604,5.0,21.2
20.0,0.9523809523809523,80.0,4.0,2.75,21.0,3.8095238095238093
1.0,1.0,1.0,1.0,9.0,1.0,1.0
13.0,2.6,56.0,38.0,3.3214285714285716,5.0,11.2
9.0,2.25,31.0,13.0,4.032258064516129,4.0,7.75
3.0,0.6,22.0,20.0,4.7727272727272725,5.0,4.4
12.0,1.2,109.0,81.0,4.201834862385321,10.0,10.9
12.0,4.0,18.0,11.0,3.8333333333333335,3.0,6.0
9.0,1.5,128.0,85.0,4.7890625,6.0,21.333333333333332
17.0,0.9444444444444444,136.0,8.0,3.125,18.0,7.555555555555555
12.0,1.2,121.0,88.0,4.190082644628099,10.0,12.1
10.0,0.45454545454545453,61.0,49.0,4.622950819672131,22.0,2.772727272727273
9.0,1.0,132.0,76.0,4.545454545454546,9.0,14.666666666666666
17.0,1.1333333333333333,98.0,65.0,3.9693877551020407,15.0,6.533333333333333
18.0,2.25,158.0,94.0,3.9746835443037973,8.0,19.75
15.0,1.6666666666666667,140.0,77.0,3.857142857142857,9.0,15.555555555555555
21.0,1.05,99.0,18.0,4.505050505050505,20.0,4.95
12.0,1.5,94.0,68.0,4.3936170212765955,8.0,11.75
10.0,0.8333333333333334,106.0,35.0,4.226415094339623,12.0,8.833333333333334
5.0,1.0,67.0,55.0,4.7611940298507465,5.0,13.4
3.0,3.0,13.0,13.0,5.076923076923077,1.0,13.0
18.0,0.9473684210526315,18.0,2.0,3.2222222222222223,19.0,0.9473684210526315
12.0,2.4,82.0,51.0,4.280487804878049,5.0,16.4
6.0,1.5,10.0,6.0,5.5,4.0,2.5
7.0,7.0,10.0,10.0,7.9,1.0,10.0
12.0,1.7142857142857142,117.0,86.0,4.64957264957265,7.0,16.714285714285715
15.0,1.5,129.0,91.0,4.503875968992248,10.0,12.9
11.0,1.375,128.0,92.0,4.890625,8.0,16.0
8.0,1.1428571428571428,115.0,63.0,4.3130434782608695,7.0,16.428571428571427
14.0,1.4,140.0,82.0,4.514285714285714,10.0,14.0
9.0,1.5,108.0,65.0,4.2407407407407405,6.0,18.0
16.0,0.7619047619047619,92.0,12.0,3.3260869565217392,21.0,4.380952380952381
22.0,5.5,140.0,74.0,4.192857142857143,4.0,35.0
11.0,0.9166666666666666,66.0,6.0,3.5,12.0,5.5
14.0,1.75,99.0,66.0,4.333333333333333,8.0,12.375
25.0,2.272727272727273,124.0,69.0,4.008064516129032,11.0,11.272727272727273
13.0,0.9285714285714286,77.0,6.0,3.675324675324675,14.0,5.5
14.0,1.0769230769230769,142.0,97.0,4.964788732394366,13.0,10.923076923076923
11.0,1.5714285714285714,112.0,75.0,4.705357142857143,7.0,16.0
2.0,2.0,4.0,4.0,3.75,1.0,4.0
11.0,1.0,125.0,91.0,4.832,11.0,11.363636363636363
0.0,0.0,0.0,0.0,0.0,0.0,0.0
5.0,1.6666666666666667,15.0,12.0,5.2,3.0,5.0
9.0,1.125,128.0,86.0,4.90625,8.0,16.0
17.0,1.7,140.0,86.0,4.321428571428571,10.0,14.0
10.0,1.0,151.0,82.0,4.781456953642384,10.0,15.1
10.0,2.0,117.0,79.0,4.230769230769231,5.0,23.4
5.0,0.7142857142857143,58.0,40.0,4.137931034482759,7.0,8.285714285714286
20.0,1.8181818181818181,163.0,92.0,4.263803680981595,11.0,14.818181818181818
26.0,1.7333333333333334,150.0,101.0,4.466666666666667,15.0,10.0
5.0,5.0,29.0,27.0,3.2758620689655173,1.0,29.0
8.0,4.0,146.0,81.0,4.02054794520548,2.0,73.0
22.0,1.5714285714285714,151.0,86.0,4.046357615894039,14.0,10.785714285714286
13.0,1.8571428571428572,110.0,72.0,4.254545454545455,7.0,15.714285714285714
0.0,0.0,0.0,0.0,0.0,0.0,0.0
14.0,1.5555555555555556,86.0,51.0,3.883720930232558,9.0,9.555555555555555
0.0,0.0,0.0,0.0,0.0,0.0,0.0
14.0,2.0,137.0,97.0,4.45985401459854,7.0,19.571428571428573
10.0,1.25,137.0,82.0,4.489051094890511,8.0,17.125
5.0,0.8333333333333334,77.0,47.0,4.571428571428571,6.0,12.833333333333334
6.0,0.8571428571428571,121.0,75.0,4.190082644628099,7.0,17.285714285714285
3.0,3.0,4.0,4.0,3.5,1.0,4.0
8.0,1.0,116.0,74.0,4.293103448275862,8.0,14.5
3.0,3.0,4.0,4.0,6.75,1.0,4.0
20.0,1.5384615384615385,133.0,84.0,4.473684210526316,13.0,10.23076923076923
32.0,1.2307692307692308,89.0,42.0,4.449438202247191,26.0,3.423076923076923
11.0,1.375,126.0,70.0,4.388888888888889,8.0,15.75
13.0,1.4444444444444444,119.0,71.0,4.033613445378151,9.0,13.222222222222221
3.0,0.375,29.0,13.0,3.9310344827586206,8.0,3.625
24.0,2.0,141.0,101.0,5.439716312056738,12.0,11.75
7.0,2.3333333333333335,97.0,30.0,2.2577319587628866,3.0,32.333333333333336
12.0,6.0,26.0,21.0,4.384615384615385,2.0,13.0
10.0,1.1111111111111112,100.0,69.0,4.48,9.0,11.11111111111111
10.0,1.4285714285714286,142.0,83.0,4.556338028169014,7.0,20.285714285714285
13.0,2.6,95.0,61.0,4.147368421052631,5.0,19.0
20.0,1.6666666666666667,133.0,82.0,4.015037593984962,12.0,11.083333333333334
15.0,1.6666666666666667,136.0,76.0,4.301470588235294,9.0,15.11111111111111
19.0,3.8,90.0,77.0,5.4,5.0,18.0
15.0,1.5,103.0,71.0,4.737864077669903,10.0,10.3
6.0,0.75,24.0,17.0,3.8333333333333335,8.0,3.0
15.0,1.25,164.0,94.0,4.048780487804878,12.0,13.666666666666666
13.0,0.9285714285714286,104.0,8.0,3.375,14.0,7.428571428571429
2.0,0.6666666666666666,9.0,6.0,4.222222222222222,3.0,3.0
10.0,2.0,115.0,79.0,4.208695652173913,5.0,23.0
15.0,1.5,135.0,76.0,3.888888888888889,10.0,13.5
12.0,1.5,132.0,78.0,4.25,8.0,16.5
22.0,1.8333333333333333,161.0,94.0,4.267080745341615,12.0,13.416666666666666
14.0,3.5,104.0,76.0,5.230769230769231,4.0,26.0
23.0,1.6428571428571428,110.0,71.0,4.590909090909091,14.0,7.857142857142857
1.0,1.0,1.0,1.0,3.0,1.0,1.0
11.0,1.375,114.0,77.0,4.131578947368421,8.0,14.25
8.0,1.1428571428571428,78.0,56.0,4.67948717948718,7.0,11.142857142857142
11.0,1.375,116.0,75.0,4.344827586206897,8.0,14.5
12.0,1.3333333333333333,119.0,79.0,4.378151260504202,9.0,13.222222222222221
24.0,2.4,166.0,105.0,4.319277108433735,10.0,16.6
8.0,1.0,102.0,74.0,4.794117647058823,8.0,12.75
16.0,1.4545454545454546,93.0,65.0,4.473118279569892,11.0,8.454545454545455
10.0,1.6666666666666667,114.0,70.0,4.824561403508772,6.0,19.0
12.0,3.0,54.0,46.0,4.018518518518518,4.0,13.5
6.0,0.8571428571428571,31.0,31.0,4.709677419354839,7.0,4.428571428571429
14.0,0.8235294117647058,124.0,91.0,5.467741935483871,17.0,7.294117647058823
17.0,1.8888888888888888,123.0,78.0,4.455284552845528,9.0,13.666666666666666
17.0,1.3076923076923077,117.0,86.0,4.837606837606837,13.0,9.0
9.0,1.125,74.0,56.0,4.716216216216216,8.0,9.25
